{"chatgpt": [4.0, 4.8, 4.2, 3.8, 4.0, 4.4, 4.8, 4.0, 4.4, 4.2, 4.2, 4.2, 4.2, 4.0, 4.2, 4.2, 4.0, 4.4, 4.2, 3.8, 3.8, 4.2, 4.2, 4.0, 4.4, 4.4, 4.2, 4.4, 4.2, 4.2, 4.4, 4.2, 4.2, 4.2, 4.0, 4.4, 4.4, 4.0, 4.4, 4.3999999999999995, 4.4, 4.8, 4.2, 4.0, 4.4, 4.4, 4.0, 4.2, 4.2, 4.2, 4.0, 4.0, 4.0, 4.4, 4.2, 3.4000000000000004, 4.4, 4.2, 4.2, 4.0, 4.2, 4.8, 4.6, 4.2, 4.8, 4.2, 4.2, 4.4, 4.4, 4.4, 4.4, 4.0, 4.2, 4.4, 4.2, 4.2, 4.4, 4.4, 4.4, 4.2, 4.2, 4.2, 4.2, 3.8, 4.2, 4.2, 4.2, 4.0, 4.2, 4.0, 4.4, 4.6, 4.2, 4.4, 4.6, 4.2, 4.6, 4.2, 4.0, 4.6], "claude": [4.0, 4.4, 4.4, 4.2, 4.0, 4.2, 4.2, 4.4, 4.2, 4.4, 4.2, 4.2, 4.2, 4.2, 4.0, 4.4, 4.4, 4.4, 4.0, 4.4, 4.2, 4.0, 4.2, 4.0, 4.4, 4.4, 4.0, 4.4, 4.6, 4.2, 4.0, 4.0, 4.4, 4.4, 4.2, 4.2, 4.2, 4.0, 4.2, 4.4, 4.2, 4.8, 4.4, 4.2, 4.6, 4.2, 4.6, 4.4, 4.2, 4.2, 4.0, 4.2, 4.3999999999999995, 3.4000000000000004, 4.2, 4.8, 4.4, 4.0, 4.2, 4.0, 3.8, 4.6, 4.2, 4.0, 4.4, 4.2, 3.8, 4.2, 4.4, 4.4, 4.4, 4.2, 4.4, 4.6, 4.2, 4.0, 4.2, 4.2, 4.2, 3.8, 4.2, 4.0, 4.2, 4.0, 4.2, 4.4, 4.4, 4.4, 4.2, 4.2, 4.4, 4.2, 4.2, 4.2, 4.6, 4.4, 4.2, 4.2, 4.0, 4.2], "ChatGLM2-6B": [4.4, 4.3999999999999995, 4.4, 3.6000000000000005, 4.0, 4.4, 4.6, 3.6000000000000005, 3.2, 4.4, 4.2, 4.2, 3.8, 4.2, 3.8, 4.0, 4.0, 4.2, 4.0, 4.2, 3.4000000000000004, 4.0, 4.0, 4.0, 4.2, 4.4, 4.2, 4.2, 4.2, 4.2, 3.4000000000000004, 4.0, 4.0, 3.8000000000000007, 3.2, 4.0, 4.2, 4.2, 3.8, 4.0, 4.0, 4.2, 4.2, 3.8, 4.0, 4.4, 4.4, 4.0, 3.8000000000000007, 4.0, 3.6000000000000005, 4.0, 3.8, 3.8, 4.2, 4.0, 4.4, 3.8, 3.4000000000000004, 4.0, 3.4000000000000004, 4.0, 3.8, 3.4000000000000004, 4.6, 3.8, 4.2, 4.0, 4.2, 3.8, 3.2, 3.8, 4.0, 4.0, 4.0, 3.4000000000000004, 4.2, 3.8, 4.0, 3.4000000000000004, 4.2, 3.4000000000000004, 4.4, 3.4000000000000004, 4.0, 4.4, 4.2, 3.4000000000000004, 4.0, 3.8, 4.4, 3.6000000000000005, 4.6, 4.2, 4.0, 3.8, 3.0, 4.2, 3.8, 4.6], "fastchat-t5-3b": [3.8, 4.0, 3.8, 3.4000000000000004, 4.0, 3.5999999999999996, 4.6, 3.5999999999999996, 3.4000000000000004, 4.0, 3.6000000000000005, 4.2, 3.0, 4.0, 3.8, 3.4000000000000004, 3.8, 4.0, 4.0, 2.6, 3.8, 3.0, 4.0, 3.8, 4.2, 3.8, 4.0, 3.8, 4.2, 3.8, 3.4000000000000004, 4.2, 3.8, 3.2, 3.8, 4.0, 4.4, 3.8, 3.8, 3.8, 3.8, 4.2, 4.0, 3.8, 3.8, 3.8, 3.2, 3.8, 3.8000000000000007, 4.0, 3.2, 4.0, 4.0, 3.5999999999999996, 3.8, 3.2, 3.4000000000000004, 3.8, 4.0, 4.0, 2.2, 4.2, 4.6, 3.8, 4.0, 2.6, 3.8, 4.2, 4.0, 3.5999999999999996, 4.0, 4.0, 4.0, 3.8, 4.0, 2.8, 3.8, 4.2, 4.4, 3.0, 3.5999999999999996, 3.5999999999999996, 4.2, 3.8, 3.5999999999999996, 4.0, 4.2, 3.8, 3.6000000000000005, 4.4, 2.8, 4.2, 4.2, 4.4, 4.6, 3.6000000000000005, 4.4, 4.2, 3.8, 3.8], "RWKV-4-Raven-7B-v11": [3.4000000000000004, 3.2, 3.0, 2.6, 3.4000000000000004, 2.2, 3.8000000000000007, 2.8, 1.5999999999999999, 3.8, 3.6000000000000005, 2.8, 2.1999999999999997, 4.0, 1.4, 3.0, 1.4, 3.2, 2.4, 1.0, 1.0, 2.0, 1.4, 1.4, 2.0, 1.6, 1.2, 1.2, 1.2, 1.4, 1.4, 1.8, 1.5999999999999999, 1.4, 1.6, 1.4, 1.4, 1.2, 1.5999999999999999, 1.4, 1.2, 1.0, 1.0, 1.4, 1.0, 1.0, 2.0, 1.2, 1.4, 1.8, 1.2, 1.2, 1.4, 1.0, 1.2, 1.4, 1.4, 1.2, 1.4, 1.4, 2.0, 1.6, 1.4, 1.4, 1.0, 1.2, 1.2, 1.2, 1.4, 1.4, 1.4, 1.2, 1.2, 1.4, 1.0, 1.4, 1.8, 1.4, 1.4, 1.8, 1.2, 1.4, 1.2, 1.4, 1.2, 1.8, 1.4, 1.4, 1.6, 1.0, 1.2000000000000002, 1.0, 0.8, 1.7999999999999998, 1.2, 1.4, 1.4, 1.5999999999999999, 1.4, 1.2], "alpaca-7b": [4.2, 4.4, 4.2, 4.0, 1.5999999999999999, 3.2, 2.8000000000000007, 2.0, 2.5999999999999996, 4.4, 1.5999999999999999, 3.8, 3.8, 3.8, 3.0, 3.8, 1.5999999999999999, 3.8, 4.0, 3.2, 1.0, 4.0, 1.5999999999999999, 4.0, 1.5999999999999999, 4.0, 4.2, 1.0, 2.2000000000000006, 4.0, 3.0, 1.8, 1.5999999999999999, 3.5999999999999996, 0.8, 1.5999999999999999, 4.0, 3.4000000000000004, 3.2, 4.0, 4.2, 4.4, 4.0, 3.6000000000000005, 3.8, 4.2, 4.2, 1.8, 2.0, 1.7999999999999998, 1.2, 1.7999999999999998, 1.8, 1.8, 3.8000000000000007, 4.0, 4.0, 0.8, 2.6000000000000005, 4.4, 1.6, 4.0, 3.8, 3.0, 1.8, 3.6000000000000005, 0.8, 1.0, 2.8000000000000003, 3.8, 4.2, 3.4000000000000004, 1.0, 3.2, 1.5999999999999999, 1.4, 4.2, 3.2, 4.0, 3.6000000000000005, 1.8, 3.2, 4.2, 4.0, 4.2, 4.0, 3.2, 2.0, 3.8, 1.0, 4.4, 2.0, 3.6000000000000005, 4.2, 4.4, 1.2, 3.4000000000000004, 4.4, 3.2, 4.4], "vicuna-7b": [4.2, 4.6, 4.2, 3.8, 4.0, 4.2, 4.4, 4.4, 4.0, 4.0, 3.8, 4.2, 3.4000000000000004, 4.2, 4.2, 3.8, 4.2, 4.0, 3.8, 4.4, 3.4000000000000004, 4.2, 4.0, 4.2, 3.8, 4.4, 4.2, 4.0, 4.4, 3.8, 4.0, 3.8, 4.2, 4.4, 4.0, 4.2, 4.0, 4.2, 4.4, 4.4, 4.2, 4.2, 4.4, 3.8, 4.2, 4.6, 4.0, 4.0, 4.0, 4.0, 3.6000000000000005, 4.2, 1.6, 4.4, 4.0, 1.8, 4.0, 4.2, 4.2, 3.8, 3.4000000000000004, 4.6, 4.4, 4.2, 4.6, 4.2, 4.6, 4.2, 4.2, 4.2, 3.8, 4.2, 4.0, 4.6, 4.2, 4.2, 3.8, 4.4, 4.6, 3.2, 4.2, 4.0, 4.2, 4.0, 4.2, 4.0, 4.0, 4.0, 2.4000000000000004, 4.0, 3.4000000000000004, 4.2, 4.2, 4.2, 3.8, 4.0, 4.3999999999999995, 4.4, 4.0, 4.0]}